Album Artist,Album,Title
Depeche Mode,Home,Useless (Kruder & Dorfmeister Session)
Pete Tong / Ultra Nate / LP Giobbi / Jules Buckley,Free (Do What U Want) (feat. Jules Buckley),Free (Do What U Want) (LP Giobbi Club Edit)
Leonard Cohen,The Essential Leonard Cohen,The Future
alt J,An Awesome Wave,Tessellate
James Blunt,Back to Bedlam,You're Beautiful
Depeche Mode,Home,Useless (Kruder & Dorfmeister Session)
Tripswitch,Circuit Breaker,Roll Your Own
Morcheeba,Blackest Blue,Sounds Of Blue
Massive Attack,Protection,Better Things
Ladytron,Destroy Everything You Touch,Destroy Everything You Touch
Unclubbed,Unclubbed 2,Need to Feel Loved
NU,Man O To,Man O To
Gregory Isaacs,Night Nurse (Expanded Edition),Night Nurse
Peter Tosh,Equal Rights,Downpresser Man
Nightmares on Wax,In A Space Outta Sound,You Wish
Bobbie Gentry,Ode To Billie Joe,Ode to Billie Joe
Goldfrapp,Black Cherry,Black Cherry [Lawrence Remix]
Lamb,Between Darkness & Wonder,Angelica
Afrika Bambaataa,Pupunanny,Pupunanny (Accappella Mix)
SM-Trax,Got the Groove,Got the Groove (Caba Kroll pres. C.J. Stone Pleasure Mix)
The Grid,Electric Head (Plus Bonus Tracks),Floatation (Subsonic Grid Mix)
Donna Summer,Donna Summer (40th Anniversary Edition),State of Independence
Thievery Corporation,The Cosmic Game,A Gentle Dissolve
Various Artists,100 Greatest Dinner Party Songs,The Blower's Daughter