title,artist,album
Born Digital,Pretty Pink,Born Digital
The Thing for Him,Soela,XXIV - Chapter ONE
Dance With Me,Kevin de Vries,Dance With Me EP
Modus Operandi,Gigee,Modus Operandi
Pantheon,Argy / Goom Gum,Pantheon
Reminding,Anyma,Sentient EP
Transmission (Joris Voorn Extended Remix),Eelke Kleijn,Transmission (Joris Voorn Remix)
Blackout,Lexer,Blackout
Face To Face,Michael Feiner / Zoo Brazil,Face To Face
Don't Hold Back (Yotto Remix),Monolink,Don't Hold Back (Yotto Remix)
Sweet Disposition,Gundamea / Korolova / Andy Ruddy,Sweet Disposition
Love Tonight (Franky Wah Extended Remix),Shouse,Love Tonight (Franky Wah Remix)
Escape (John Summit remix),Kx5 feat. Hayla,Escape (John Summit Remix)
On My Knees [Adriatique Remix],RÜFÜS DU SOL,Surrender (Remixes)
Sugar Free,Lola Palmer,Elements : Lola Palmer
Gordon (Original Mix),Oliver Schories,Gordon
13 Voices (extended mix),Durante & HANA,13 Voices EP
Regina Blue,Sébastien Léger,Regina Blue EP
My House (Original Mix),Purple Disco Machine / James Silk,My House / These Sheets
Tataki,Argy,Tataki
Don't call me baby,Madison Avenue,ID&T TOP 500 Best Dancetracks Ever
The Bomb (Edit),Love Connection,The Bomb
On A Stream,Carlo Ruetz,On A Stream
Two Months Off (Tim Green Remix),Tim Green,Balance 031
Regina Blue,Sébastien Léger,Regina Blue EP
Say Something (Original Mix),Nasser Baker,Say Something
Belo Horizonti,Claudio Coccoluto / The Heartists,Belo Horizonti 20th Anniversary
Born Digital,Pretty Pink,Born Digital
Poem for the Planet (feat. Ursula Rucker) [Steve Bug Remix],Hannes Bieger,Poem for the Planet (feat. Ursula Rucker) [Steve Bug Remix]
Lock Up (2016 Remaster),Zero B,Lock Up (2016 Remixes)
Only For Tonight,Terr,Consciousness As A State Of Matter
Point Of No Return,Adam Port & Monolink,Point Of No Return
The Playmaker [Dyed Soundorom Remix],Anthea & Celler,The Playmaker
Imprint of Pleasure,Tube & Berger,Imprint of Pleasure
Close Your Eyes,Luke Brancaccio / Simon Berry / JJD,Close Your Eyes
College Girl (Original Mix),Plicherss,College Girl
Your Mind (Epic Mix),Adam Beyer/Bart Skils,Your Mind (Epic Mix)
Overcome,Tricky,Maxinquaye (Deluxe Edition)
With Every Heartbeat,Robyn,Robyn
Blue Monday (Vandalism Remix),Kurd Maverick,Blue Monday